repeated_times,Accuracy,Precision,Recall,F1,AUC,CV_list(AUC)
10,0.9,0.6610859960769215,0.5578930817610062,0.5581611110966767,0.5578930817610062,"[0.5833333333333334, 0.690566037735849, 0.49056603773584906, 0.5, 0.5, 0.5, 0.55, 0.6811320754716981, 0.5, 0.5833333333333334]"
10,0.8982758620689655,0.6518940768850024,0.5478930817610063,0.5479975596948075,0.5478930817610063,"[0.5833333333333334, 0.690566037735849, 0.49056603773584906, 0.5, 0.5, 0.5, 0.55, 0.5811320754716981, 0.5, 0.5833333333333334]"
