repeated_times,Accuracy,Precision,Recall,F1,AUC,CV_list(AUC)
10,0.5604477611940297,0.629413580624418,0.698389094107032,0.5400727921191086,0.698389094107032,"[0.6779162339910004, 0.7540584415584417, 0.656140350877193, 0.7306422018348624, 0.6985321100917431, 0.7012807199723088, 0.6844362745098039, 0.6441707717569787, 0.7291666666666667, 0.7075471698113207]"
