repeated_times,Accuracy,Precision,Recall,F1,AUC,CV_list(AUC)
10,0.6258278145695364,0.6090219332719252,0.7475754640712564,0.5551441868666495,0.7475754640712564,"[0.7692147034252297, 0.7391114982578397, 0.7477099236641221, 0.7531135531135531, 0.7209645669291338, 0.7695094760312152, 0.7541703248463565, 0.6977671451355661, 0.7263993316624896, 0.7977941176470589]"
