repeated_times,Accuracy,Precision,Recall,F1,AUC,CV_list(AUC)
10,0.561744966442953,0.6359610660388026,0.7226748400537495,0.5397102778193875,0.7226748400537495,"[0.7328469884025439, 0.7345931997571342, 0.7171666666666667, 0.6995833333333333, 0.6961466517022072, 0.7199193548387097, 0.7336404914529915, 0.73, 0.7381160369804178, 0.7247356774034914]"
