repeated_times,Accuracy,Precision,Recall,F1,AUC,CV_list(AUC)
10,0.8899328859060402,0.8252111962292595,0.7785623275064483,0.796949846187211,0.7785623275064482,"[0.7612420501309388, 0.7490892531876139, 0.7700833333333332, 0.8281666666666667, 0.7674148896371118, 0.8297580645161289, 0.7321714743589743, 0.7989166666666666, 0.7749508626337629, 0.7738300139332841]"
10,0.890268456375839,0.8278565461311234,0.7781640266673258,0.7971524122003809,0.7781640266673258,"[0.7653572764683876, 0.8046448087431693, 0.7576666666666667, 0.7865, 0.7826786382341938, 0.8216935483870967, 0.7186832264957265, 0.7760833333333332, 0.7924947222828856, 0.7758380460617982]"
